Rank,Username,Category,Followers,Country,Engagement
1,jjlin,Music,5.1M,China,22.6K
2,radhika_dhopavkar,,357.8K,Singapore,153.8K
3,darylaiden,Beauty,136.2K,Singapore,574.4K
4,adore_rosiee,Humor & Fun & Happiness,69.1K,Singapore,370K
5,vanakkamkannu_vlogs,Humor & Fun & Happiness,314.2K,India,69.2K
6,sherrinn_,Lifestyle,315.4K,Singapore,71.3K
7,moochihehe,Beauty,356.8K,Singapore,44.1K
8,graceglazee,Shows,210.9K,Singapore,82.1K
9,naomineo_,Family,924.1K,Singapore,15.5K
10,thewokesalaryman,Finance & Economics,475.2K,Singapore,26.3K
11,jeanetteaw,Cinema & Actors/actresses,444.2K,Singapore,25.5K
12,rosario_ldn,Art/Artists,242.6K,Singapore,58K
13,carrinelow,Lifestyle,133.2K,Singapore,123.2K
14,yk,Photography,1.3M,Singapore,9.2K
15,yingxuantaan,Clothing & Outfits,31.1K,Singapore,419.9K
16,rockstararms,Fitness & Gym,534.3K,Indonesia,21K
17,mothershipsg,Shows,822.9K,Singapore,8.6K
18,lohkeanyew,Sports with a ball,418.3K,Singapore,18.2K
19,ahsylle.antheia,,81.8K,Singapore,101.1K
20,thejianhaotan,Shows,675.8K,Singapore,9.4K
21,smilewithjeryl,Travel,1.3M,Singapore,4.7K
22,avidixit10,Humor & Fun & Happiness,353K,Singapore,14K
23,sgagsg,Humor & Fun & Happiness,821.3K,Singapore,5.6K
24,heirara___,,271.1K,Singapore,17.9K
25,trumpster.d,Lifestyle,891.5K,Singapore,9.8K
26,mohsenhatef,Business & Careers,255.3K,Singapore,20.9K
27,ilhanfa,Sports with a ball,198.6K,Singapore,23.7K
28,zermattneo,Food & Cooking,348.5K,Singapore,13.5K
29,deniseteojiaqi,Gaming,250.1K,Singapore,18.6K
30,glennyqh,Lifestyle,473K,Singapore,9.3K
31,jameswong.kl,Accessories & Jewellery,370.8K,Philippines,10.3K
32,reakami,Computers & Gadgets,126.5K,Singapore,33.9K
33,djjaderasif,Lifestyle,540.9K,United States,10.4K
34,debbwie,Family,451.7K,Singapore,8.1K
35,mayig,Cinema & Actors/actresses,690.1K,Thailand,11.2K
36,leehsienloong,Business & Careers,738.4K,Singapore,4.3K
37,bertandlulu,Humor & Fun & Happiness,348.5K,Singapore,8.9K
38,melvin_tseng,Beauty,157.7K,Singapore,28.5K
39,jhonathanmacarilao,Photography,285.1K,India,11.2K
40,singapore_.life,Lifestyle,305.2K,Singapore,12.8K
41,jodiaarielle,Beauty,52.8K,Singapore,71.1K
42,glaglathis,Beauty,166.9K,Singapore,19.2K
43,titusslow,Lifestyle,343.6K,Thailand,8.8K
44,armaanmalik.live,Cinema & Actors/actresses,78.8K,Singapore,37.5K
45,ikhsanfandi,Sports with a ball,262.4K,Singapore,11.5K
46,syafiqapls,Shows,187.2K,Singapore,12.2K
47,benjaminkheng,Music,447K,Singapore,6.2K
48,visit_singapore,Travel,678K,Singapore,3.2K
49,esyfilms,Music,87.1K,Singapore,31.9K
50,verysallyish,Music,825.7K,Singapore,4.3K
51,thenextmostfamousartist,Art/Artists,342K,Singapore,6.9K
52,una_iam,Lifestyle,984.8K,Taiwan,4.1K
53,jujujucloe,Beauty,70.6K,Singapore,34.9K
54,sherlyninsta,,118.6K,Singapore,14.8K
55,dj.sakuraaa,Music,843.6K,Singapore,2.7K
56,hannahchengbradshaw,Beauty,361.6K,Singapore,5.9K
57,diasekalab,Photography,151.5K,Singapore,10.3K
58,gin_ster,Family,130.5K,Singapore,14.4K
59,cook_with_comali_shivangi,Shows,60.5K,Singapore,27.2K
60,irfanfandi17,Sports with a ball,191.4K,Singapore,12.6K
61,jesssseca,Lifestyle,360.9K,Singapore,4K
62,eveantoinettei,,293.1K,Singapore,4.9K
63,meganmeltdown,,220.1K,Singapore,6K
64,limrebecca,Lifestyle,458.9K,Singapore,3.2K
65,heyjonut,Humor & Fun & Happiness,81.7K,Singapore,22.2K
66,aanurul,Family,211.1K,Singapore,7.5K
67,threepetalstudio,Sweets & Bakery,34.7K,Singapore,43.8K
68,toshrock,Cinema & Actors/actresses,315.2K,Malaysia,5.4K
69,annettelee,Music,211.8K,Singapore,6.3K
70,vaunephan,Photography,141.5K,Singapore,13.6K
71,carriewst,Management & Marketing,386.8K,Singapore,3.3K
72,leeshuhadah,Family,65.2K,Singapore,20.2K
73,jaspersjaspers,Family,181.7K,Malaysia,8.8K
74,ohhowstrange,Lifestyle,147.9K,Singapore,8.2K
75,mrpianominion,Music,40.1K,Singapore,41.3K
76,bravenyeo,Lifestyle,243K,Singapore,5.7K
77,channelnewsasia,Shows,773.5K,Singapore,1.5K
78,kaviammu_1002,,13K,Singapore,93.8K
79,qimmyshimmy,,209.3K,Singapore,5.7K
80,jiaqiwoo,Cinema & Actors/actresses,541.6K,Malaysia,2.8K
81,elizabethboon,Cinema & Actors/actresses,286.8K,Singapore,4.3K
82,chantalleng,Cinema & Actors/actresses,194.4K,Singapore,6.2K
83,lawrencewongst,Finance & Economics,297.6K,Singapore,3.5K
84,amr_clara,Lifestyle,243.3K,Singapore,5.2K
85,kawasakinozomi,Kids & Toys,298.4K,Singapore,2.8K
86,thedesmondtan,Cinema & Actors/actresses,254.5K,Singapore,4K
87,vantanjy,Beauty,14.2K,Singapore,83.2K
88,nivaa.sh,Lifestyle,305.8K,Singapore,4.3K
89,xplacidacidx,Cinema & Actors/actresses,390.5K,Singapore,6K
90,yvonnelim928,Family,271.6K,Singapore,3.9K
91,noel.lin,Art/Artists,191.3K,Singapore,6.7K
92,qruzhissii,Humor & Fun & Happiness,39.6K,Singapore,28.3K
93,angjunyang,Music,55K,Singapore,18K
94,speishi,Beauty,370.6K,Singapore,2.5K
95,shovessnyz,Shows,6K,Singapore,139.4K
96,iadityagautam,Lifestyle,98.8K,Singapore,9K
97,novitalam,Lifestyle,367.7K,Singapore,3K
98,joannepeh,Cinema & Actors/actresses,375K,Singapore,2.4K
99,lennardy,Food & Cooking,402.8K,Singapore,2.6K
100,romeotan,Family,242.4K,Singapore,3.5K
101,hellotasrif,,205.1K,Singapore,4K
102,zoetay10,Shows,260.5K,Singapore,3K
103,romeotan,Family,242.4K,Singapore,3.4K
104,theonlyhavenz,Beauty,318.7K,Singapore,2.6K
105,honglingg_,Cinema & Actors/actresses,198.3K,Singapore,4.3K
106,xaya.666,Lifestyle,117.4K,Singapore,6.5K
107,nicolekittykatx,Lifestyle,264.5K,Singapore,3.1K
108,zakiv4,Lifestyle,139.8K,Singapore,6.1K
109,namtarnkom,,126.5K,Singapore,5.1K
110,singapore.foodie,Food & Cooking,422.4K,Singapore,1.6K
111,rc_racer_kulla_46,,81.8K,Singapore,9.3K
112,krisonsum,Fashion,153.9K,Singapore,4.8K
113,zippyzipeng,Photography,111.4K,Singapore,8.6K
114,darshen,Humor & Fun & Happiness,328.5K,Singapore,2.2K
115,jaamietan,Lifestyle,136.7K,Singapore,7.8K
116,violinistchloechua,,85.6K,Singapore,8.7K
117,tashaalow,Lifestyle,139.3K,Singapore,5.3K
118,jamiepang,Fitness & Gym,198.1K,Singapore,3.7K
119,jasminelhr,Lifestyle,141.4K,Singapore,5K
120,denniszhouchongqing,Music,138.8K,Singapore,5.1K
121,yeexeee,,83.4K,Singapore,7.8K
122,trevtham,Shows,100.3K,Singapore,6.5K
123,mingbridges,Beauty,144.3K,Singapore,5.9K
124,xiaxue,Beauty,575.4K,Singapore,1.6K
125,beccabeczten,Beauty,101.4K,Singapore,7.8K
126,justkeepthinkingsg,Animals,301.9K,Singapore,2.1K
127,fannaiaiwong,Cinema & Actors/actresses,460.4K,Singapore,1.4K
128,sgfollowsall,Literature & Journalism,184.3K,Singapore,3.4K
129,typicalben,Lifestyle,147.5K,Singapore,4.3K
130,djmeiling3391,Modeling,173.3K,Singapore,4.3K
131,insynced,Photography,293.1K,Singapore,2.3K
132,mark_tuan0409,Music,131.1K,Singapore,4.2K
133,bellywellyjelly,Beauty,303K,Singapore,1.9K
134,houseofchais,DIY & Design,308.6K,United States,2.2K
135,sylsyl.chan,Music,184.5K,Singapore,3.8K
136,davidmatthew_,Lifestyle,128K,Singapore,4.5K
137,cherisleex,Lifestyle,104.9K,Singapore,5.9K
138,vinnskolam,,29.4K,Singapore,19.2K
139,beverlyloh,Beauty,165.7K,Singapore,4K
140,graciehartie,Lifestyle,210.7K,Singapore,3.9K
141,_vrihedd,Comics & sketches,121.2K,Singapore,4K
142,saffronsharpe,Lifestyle,211.3K,Singapore,2.7K
143,symoneoei,Lifestyle,148.8K,Singapore,4.6K
144,ms_rach,Family,176.9K,Singapore,3.6K
145,rock.world_recordz,Music,289.9K,Singapore,21.8K
146,naomiyhs,Lifestyle,69.2K,Singapore,8.1K
147,sophie_dutoit,Lifestyle,110K,Singapore,4.6K
148,saladlandscape,Animals,74.6K,Singapore,7.8K
149,food._hub._ig,,395.6K,Singapore,15.6K
150,heyyyimje,,33.9K,Singapore,12.9K
151,heyyyimje,,33.9K,Singapore,12.9K
152,bhawana_213,Lifestyle,46.7K,Singapore,10K
153,henrycckuen,,71.2K,Singapore,10.5K
154,josephtansm,Lifestyle,102.1K,Singapore,5.8K
155,euniceannabel,Lifestyle,167.7K,Singapore,4.5K
156,chxnyixin,Lifestyle,180.1K,Singapore,3.2K
157,liz_m_music,Music,18.2K,Singapore,26.2K
158,xcalikins,Lifestyle,303.5K,Singapore,1.9K
159,syarif.ig,Lifestyle,280.6K,Malaysia,2.4K
160,vikneswaryse,Cinema & Actors/actresses,108.1K,Singapore,4.7K
161,bernadettebelle,Beauty,61.6K,Singapore,11.8K
162,shameemsultanah,Family,169K,Singapore,2.9K
163,aureliang_,Lifestyle,276.6K,Singapore,1.7K
164,hotcheekylace,Cinema & Actors/actresses,122.9K,Singapore,3.7K
165,momay_mayz,Lifestyle,100.9K,Singapore,3.9K
166,sgagxiaoming,Humor & Fun & Happiness,120.7K,Singapore,3.4K
167,wilderseas29,Humor & Fun & Happiness,107.6K,Singapore,3.9K
168,jerilynmoon,Family,211.1K,Singapore,3.9K
169,bryanoyy,Family,55.9K,Singapore,13.3K
170,ellenayoungxy,Lifestyle,76.7K,Singapore,7.6K
171,thepaperbunny,Shopping & Retail,162.2K,Singapore,2.6K
172,nigowa_99,,91.1K,Singapore,4.3K
173,hiddenjemmmig,Food & Cooking,88.7K,Singapore,4.2K
174,scottiedabottie,Humor & Fun & Happiness,46.8K,Singapore,8.2K
175,kimberlychia,Cinema & Actors/actresses,188K,Singapore,2.3K
176,aydenzs,Music,139.9K,Singapore,3.3K
177,starleytan_,Kids & Toys,113.9K,Singapore,3.9K
178,stelyb,,103.7K,Singapore,3.7K
179,foodmakescalhappy,Food & Cooking,56.2K,Singapore,8.4K
180,asonofapeach,Humor & Fun & Happiness,119.1K,Singapore,3.2K
181,regitapf,,47.5K,Singapore,6.8K
182,silvyheng,Lifestyle,74.4K,Singapore,5.3K
183,grapesglazee,Lifestyle,21.4K,Singapore,18.5K
184,abahguruzuhdi.gallery,Family,43.7K,Singapore,7.3K
185,zacharyadriel,Lifestyle,159K,Singapore,5.2K
186,elvinngchoonsiong,Cinema & Actors/actresses,324.6K,Singapore,1.1K
187,louislovesicktattoo,Music,118.8K,Singapore,4K
188,sneakysushii,Humor & Fun & Happiness,68.1K,Singapore,4.7K
189,ysfvmusic,Music,20.2K,Singapore,16.1K
190,tyenrasif,Fitness & Gym,183K,Singapore,2.3K
191,mongabong,Lifestyle,305.4K,Singapore,1.3K
192,rithedaddy,Photography,117.5K,Singapore,3K
193,bts_best.7,,18.4K,Singapore,28.1K
194,fionafussi,Modeling,207.7K,Singapore,2.1K
195,nadiahmdin,Cinema & Actors/actresses,173.8K,Singapore,2.3K
196,melanie_mak,Clothing & Outfits,214.5K,Singapore,1.8K
197,immichellechong,Music,200K,Singapore,1.7K
198,leialauren,Kids & Toys,288K,Singapore,1.4K
199,i.am.baihakki,Sports with a ball,144.2K,Singapore,3K
200,dewychoo,Lifestyle,173.6K,Singapore,2K
201,dewychoo,Lifestyle,173.6K,Singapore,2K
202,randyys,Shows,135.6K,Singapore,2.2K
203,_donjany,Music,75.1K,Singapore,4.3K
204,sugarrandspice,Fitness & Gym,112.5K,Singapore,3.8K
205,qiao.erz,Lifestyle,117.5K,Singapore,2.8K
206,chenhanwei1969,Cinema & Actors/actresses,131.6K,Singapore,2.2K
207,xoxoapo,Lifestyle,144.7K,Singapore,2.4K
208,f1nightrace,Racing Sports,168.1K,Singapore,1.9K
209,home.swee.home,DIY & Design,248.3K,Singapore,1.2K
210,liananndy,NFT,231.5K,Singapore,1.4K
211,abbeypuppey,Beauty,68.9K,Singapore,4.7K
212,faris.samri,Humor & Fun & Happiness,49.4K,Singapore,6K
213,thesmartlocalsg,Food & Cooking,221.8K,Singapore,1.2K
214,indahkrisnadevi,Lifestyle,310.5K,Singapore,1.5K
215,amandersings,Music,128.8K,Singapore,2K
216,nxtasha.ann,Beauty,127K,Singapore,2.9K
217,xianwenpoops,Modeling,168.8K,Singapore,2.1K
218,linnylinna,Lifestyle,101.5K,Singapore,3.5K
219,lecinlurvee,Beauty,58.1K,Singapore,7.8K
220,jaineegandhi,Clothing & Outfits,234.1K,India,1.6K
221,stephenzec_fc,Shows,111.1K,Singapore,2.2K
222,miothle,Art/Artists,49.7K,Singapore,5.8K
223,ughsy,Beauty,57.4K,Singapore,5.9K
224,soniachew,Lifestyle,173.5K,Singapore,1.8K
225,lukeyychan8,Humor & Fun & Happiness,51.6K,Singapore,6.1K
226,diyanahalik,Family,536.1K,Malaysia,633
227,zijiee,Cinema & Actors/actresses,144.7K,Singapore,2.6K
228,ladyironchef,Photography,592.8K,Singapore,531
229,moondam__,,54.4K,Singapore,8.1K
230,misslimyh,Music,185.1K,Singapore,1.7K
231,eggs_benkai,,35.6K,Singapore,6.4K
232,dhnrjb,Racing Sports,42.4K,Malaysia,5.8K
233,jay_koh_,Crypto,228K,Singapore,1.1K
234,ellesingapore,Shows,393.2K,Singapore,643
235,aaronlin_monroe,Fashion,67.5K,Singapore,5K
236,ourgrandfatherstory,Literature & Journalism,122.9K,Singapore,1.8K
237,joannalhs,Modeling,231.2K,Singapore,1.2K
238,cherylenechan,Travel,116.8K,Singapore,2.3K
239,anna_en,Beauty,173.3K,Singapore,1.9K
240,edwininja,Music,107.9K,Singapore,2.5K
241,hereisyingying,Cinema & Actors/actresses,141.4K,Singapore,1.8K
242,mustsharenews,Literature & Journalism,210.7K,Singapore,1K
243,aiainbaby,Cinema & Actors/actresses,175.1K,Singapore,1.4K
244,singaporepoliceforce,Business & Careers,135.2K,Singapore,1.7K
245,singapore.explores,Photography,544.1K,Singapore,445
246,narellekheng,Photography,125.4K,Singapore,3.3K
247,pigeonpokes_,Animals,107.3K,Singapore,2K
248,shaunchenhongyu,Cinema & Actors/actresses,162.2K,Malaysia,1.4K
249,kayantoast,Lifestyle,82.2K,Singapore,2.7K
250,aikenchia,Lifestyle,160.9K,Singapore,1.3K
251,ridhwannabe,Shows,207K,Singapore,1K
252,rchlwngxx,Lifestyle,196.4K,Singapore,1.5K
253,onlynoah,Cinema & Actors/actresses,129.8K,Singapore,2.3K
254,taniayasmin,Art/Artists,35.1K,Singapore,6.8K
255,beyondthevines,Shopping & Retail,257.2K,Singapore,964
256,redrinox,,105.6K,Singapore,3.1K
257,shye.mp3,Lifestyle,45K,Singapore,5K
258,samanthatyf,Lifestyle,88.9K,Singapore,2.7K
259,netflixsg,Cinema & Actors/actresses,234.3K,Singapore,812
260,sheila_sim,Family,173.9K,Singapore,1.2K
261,mingxiao1005_,Lifestyle,69.8K,Singapore,3.2K
262,thesmartlocalsg,Food & Cooking,221.7K,Singapore,850
263,iruffcookiedough,Photography,80.6K,Singapore,3.5K
264,shakshiharendran,Music,111.6K,Singapore,1.7K
265,atikahamalina.z,Health & Medicine,33.8K,Singapore,7.2K
266,jacelyn_tay,Health & Medicine,165.4K,Singapore,1.2K
267,calverttay,Lifestyle,39.5K,Singapore,5.6K
268,ohsofickle,Beauty,201.7K,Singapore,1.4K
269,omgxiaoqian,Lifestyle,146K,Singapore,1.6K
270,horologym,Literature & Journalism,50.9K,Singapore,4.1K
271,heyhihazelle,Music,118.8K,Singapore,2K
272,todayonline,Literature & Journalism,373K,Singapore,497
273,thepointsengineer,Travel,103.6K,Singapore,2.9K
274,jningchan,Lifestyle,58.4K,Singapore,3.3K
275,fakkahfuzz,Humor & Fun & Happiness,88.6K,Malaysia,2.4K
276,jasminesokko,Music,44.9K,Singapore,4.7K
277,voguesingapore,Fashion,178.7K,Singapore,1.2K
278,singapore.explores,Photography,543.7K,Singapore,358
279,marklee4444,Humor & Fun & Happiness,164.6K,Singapore,1.1K
280,elizachong,Sports with a ball,81.4K,Singapore,2.6K
281,paigechua_tpc,Lifestyle,135.6K,Singapore,1.4K
282,yangguangkele3883,Cinema & Actors/actresses,103.8K,Singapore,2.1K
283,iamfeliciachin,Family,196.5K,Singapore,970
284,hivestudio_wangqing,,90.7K,Singapore,2.1K
285,lipgolf,Sports with a ball,99.6K,Singapore,1.6K
286,julynnlau,Shows,109.4K,Singapore,1.8K
287,kyemilktea,Beauty,60.2K,Singapore,5.8K
288,susanne.decochiffon,Sweets & Bakery,171.5K,Singapore,1.4K
289,freakyfir,Photography,103.6K,Singapore,2.3K
290,sharonau13,Cinema & Actors/actresses,141.9K,Singapore,1.3K
291,jojoeyquek,Lifestyle,149.4K,Singapore,1.4K
292,idkrachex,,32.4K,Singapore,4.6K
293,ferlyngofficial,Beauty,83.8K,Singapore,2.4K
294,aimeechengbradshaw,Fitness & Gym,290.5K,Singapore,770
295,andathesea_,Beauty,44.2K,Singapore,4.9K
296,bentanggg,Lifestyle,136.3K,Singapore,1.2K
297,mayiduosg,Family,80.9K,Singapore,2.6K
298,hibyelovez,Humor & Fun & Happiness,68.3K,Singapore,2.2K
299,richiekrq,Cinema & Actors/actresses,75.7K,Singapore,2.3K
300,vietanhngxx,,47K,Singapore,3.4K
301,aiyoyochenliping,Shows,70.8K,Singapore,2.2K
302,atiqadar,Lifestyle,94.8K,Singapore,1.8K
303,so_______ee,,105.4K,Singapore,1.7K
304,asingaporeanabroad,Food & Cooking,75.7K,Singapore,4.1K
305,aisiqa,Family,90.6K,Singapore,2.8K
306,xinlinnn,Beauty,168.7K,Singapore,1.1K
307,dynimm,Lifestyle,128.7K,Singapore,2.1K
308,thelawyerlog,Literature & Journalism,102.7K,Singapore,1.4K
309,lloydsinn,Nature & landscapes,91.9K,Singapore,2.9K
310,yopiandrelo,Lifestyle,109.5K,Singapore,2.3K
311,jeremychanmy,Humor & Fun & Happiness,109K,Singapore,1.5K
312,hotstirs,Travel,58.4K,Singapore,3.1K
313,thatmomoffour,Beauty,66.2K,Singapore,3.5K
314,bharathi.rani,Literature & Journalism,83.4K,Singapore,2.1K
315,julietan_cxq,Cinema & Actors/actresses,265.5K,Singapore,861
316,theskinsense_clinic,Beauty,24.3K,Singapore,6K
317,leejiaxuan__,,68.8K,Singapore,2.1K
318,genevievesjy,Lifestyle,33.9K,Singapore,4.2K
319,diamerlyn,Beauty,62.8K,Singapore,2.7K
320,8foodlab,Food & Cooking,146.3K,Singapore,1K
321,thara_koiii,Food & Cooking,78.3K,Singapore,2.5K
322,bobbykiranyeo,Family,50.2K,Singapore,3K
323,luandermato,,104.5K,Singapore,1.6K
324,haseenakhan,Shows,51.3K,Singapore,7.1K
325,daniyapaulson,Shows,90.9K,Singapore,1.5K
326,chiouhuey,Beauty,124.6K,Singapore,1.3K
327,starbuckssg,Sweets & Bakery,229.4K,Singapore,593
328,taobao.official,Humor & Fun & Happiness,89.7K,Singapore,1.7K
329,littlehecki,Art/Artists,72.8K,Singapore,2.1K
330,drifter_d_,Cars & Motorbikes,118.1K,Singapore,1.4K
331,chrysanlee,Music,105K,Singapore,1.4K
332,kym_ng,Lifestyle,145.5K,Singapore,972
333,curlyheavensg,Beauty,7K,Singapore,34.4K
334,aircrafts_engineer_,Machinery & Technologies,16K,Singapore,7K
335,jemmawei,Literature & Journalism,67.8K,Singapore,2.6K
336,lovebonito,Accessories & Jewellery,542.9K,Singapore,236
337,honeybeesweets.sg,Food & Cooking,127.3K,Singapore,1.2K
338,dzarismail,Shows,60.7K,Singapore,2.3K
339,thegenesisfamily,Family,140K,Singapore,2.5K
340,y0ngtingting,,42.3K,Singapore,3.9K
341,leebyulbyul,Lifestyle,86.8K,Singapore,1.9K
342,plop.apparels,Clothing & Outfits,61.8K,Singapore,2.2K
343,denisecamillia,Cinema & Actors/actresses,122.8K,Singapore,1.3K
344,dreachong,Family,309.1K,Singapore,645
345,sethluicious,Sweets & Bakery,187.5K,Singapore,707
346,simonboyyyyyyy,Family,62.3K,Singapore,2.5K
347,yangguangkele3883,Cinema & Actors/actresses,103.9K,Singapore,1.6K
348,kextay,Music,28.6K,Singapore,5.5K
349,nicholaslauu,,85.9K,Singapore,2.3K
350,captainroti,Sweets & Bakery,137.9K,Singapore,1.1K
351,nicholaslauu,,85.9K,Singapore,2.3K
352,captainroti,Sweets & Bakery,137.9K,Singapore,1.1K
353,8foodlab,Food & Cooking,146.3K,Singapore,933
354,miraculove_sg,Family,14.9K,Singapore,10.4K
355,ryanxgo,Lifestyle,82.6K,Singapore,1.6K
356,heyrozz,Food & Cooking,117.6K,Singapore,1.3K
357,hibyelovez,Humor & Fun & Happiness,68.4K,Singapore,1.7K
358,joshuatwe13,Cinema & Actors/actresses,149.1K,Singapore,1.3K
359,esh_wari,Lifestyle,115.4K,Singapore,1.4K
360,diya.chevli,Beauty,101.4K,Singapore,2.3K
361,glennn,Sports with a ball,78.2K,Singapore,2.1K
362,chowjiahui,Beauty,89K,Singapore,1.6K
363,damienteo_,Lifestyle,49.9K,Singapore,4.5K
364,oonshuan,Family,80.1K,Singapore,2.8K
365,jamuslim,Family,115.2K,Singapore,1.1K
366,vidushikaul,Photography,71.7K,Singapore,2.1K
367,mandy.tang.yuyu,Fashion,56.2K,Singapore,3.8K
368,itsajoannatheng,Music,60.8K,Singapore,2.7K
369,janaechua,Lifestyle,108.3K,Singapore,1.6K
370,c.mond.b,Lifestyle,38.5K,Singapore,3K
371,qiyuwu,Cinema & Actors/actresses,146.5K,Singapore,836
372,xxruriru,Gaming,132K,Singapore,1.2K
373,seraphinagenesis,Beauty,231.8K,Singapore,1.2K
374,sgmustwatchla,,214.9K,Singapore,642
375,aifaa_bella,Lifestyle,67.3K,Singapore,3.1K
376,sallyvevo_,Family,103.9K,Singapore,2.9K
377,speroachbeatzz,Music,53.9K,Singapore,4K
378,yeo_jiaminn,Sports with a ball,58.3K,Singapore,2.5K
379,ruthisrandom,Lifestyle,105.3K,Singapore,1.8K
380,yitinggoyt,Beauty,41K,Singapore,3.4K
381,thatericboy,Lifestyle,70.4K,Singapore,1.9K
382,zoeraymondtan,Family,86.5K,Singapore,1.3K
383,originalmaxi,Cinema & Actors/actresses,102.5K,Singapore,1.7K
384,tattingtoo,Art/Artists,58.2K,Singapore,1.9K
385,iamjiaen,Fitness & Gym,123.7K,Singapore,1.3K
386,memedefsg,Humor & Fun & Happiness,67.8K,Singapore,1.9K
387,xiang_yun_,Cinema & Actors/actresses,120.4K,Singapore,961
388,gillianyoong,Family,45.5K,Singapore,3.8K
389,kvnmdn,Lifestyle,40.3K,Singapore,3K
390,classt1t5,Shows,130.1K,Singapore,905
391,jyanyoga,Fitness & Gym,95.6K,Singapore,1.7K
392,tippytapp,Family,108.6K,Singapore,1.2K
393,vaneh.sa,Lifestyle,55.5K,Singapore,2.6K
394,jackneock,Humor & Fun & Happiness,93.9K,Singapore,1.2K
395,raynold.tyr,Photography,62.5K,Singapore,2.4K
396,babygrayce,Lifestyle,127.7K,Singapore,1.2K
397,flyscoot,Travel,158.8K,Singapore,698
398,prestigeglobaldesigns,DIY & Design,132.1K,Singapore,1.2K
399,sgfoodiefam,Food & Cooking,102.5K,Singapore,1K
400,_ba.beei,,15.8K,Singapore,7.7K
401,_ba.beei,,15.8K,Singapore,7.7K
402,officialsonalipingle77,Modeling,71.4K,Singapore,1.5K
403,dianaserlye,Family,101.9K,Singapore,1.1K
404,eatbooksg,Food & Cooking,159K,Singapore,650
405,panlinglingg,Family,99.8K,Singapore,1.2K
406,english_and_ielts_with_viv,Education,143.1K,Singapore,761
407,littlevivii,Animals,125.2K,Singapore,1.2K
408,raozijie,Music,49K,Singapore,2.3K
409,joshuakalinan,Alcohol,76.8K,Singapore,1.6K
410,gavinchongzhe,Lifestyle,85.2K,Singapore,2K
411,junejuly_08,,52.3K,Singapore,2.1K
412,iamjamieyeo,Family,113.6K,Singapore,1.1K
413,chenxiuhuan,Family,75.7K,Singapore,1.6K
414,_jxxi,Beauty,49.2K,Singapore,3.7K
415,andreanatayshilin_,Beauty,37.9K,Singapore,3.1K
416,victoriacheng,Literature & Journalism,56K,Singapore,2.5K
417,sharanyasrinivas,Music,88.8K,Singapore,1.8K
418,sghalaldeals,Food & Cooking,80.5K,Singapore,1.4K
419,pritamsingh76,,69.1K,Singapore,1.5K
420,tomsdrive,Cars & Motorbikes,81.8K,Singapore,1.3K
421,danielfooddiary,Food & Cooking,289.2K,Singapore,373
422,tr.ivia,Beauty,45.5K,Singapore,2.2K
423,sierralixing,,64.7K,Singapore,1.7K
424,jeanseizure,Music,109.8K,Singapore,1.2K
425,radhikaa.x,Photography,111.8K,Singapore,1.4K
426,davinnnn,Fitness & Gym,101.6K,Singapore,1.4K
427,flavourflings,Food & Cooking,15.4K,Singapore,8.5K
428,tayying_,Lifestyle,77.8K,Singapore,1.6K
429,ourlittleplaynest,Kids & Toys,189.9K,Singapore,765
430,lovedbyro,Food & Cooking,115.7K,Singapore,1.2K
431,shanepowxp,Cinema & Actors/actresses,141.7K,Singapore,1K
432,leebelinda,Cinema & Actors/actresses,123.5K,Singapore,946
433,jamrepublictheagency,Music,198K,Singapore,6.7K
434,joakimgomez,Music,59.3K,Singapore,2K
435,okaysonz,Lifestyle,55.9K,Singapore,2.5K
436,noontalk_media,Shows,55.6K,Singapore,1.8K
437,naomi.nature,Travel,76.2K,Singapore,1.8K
438,sarahxmiracle,Family,190.4K,Singapore,551
439,oyu.oyunbileg,Modeling,103.2K,Singapore,1.1K
440,huinileee,Beauty,108.3K,Singapore,1.1K
441,brightmansio,Photography,17.9K,Singapore,7.9K
442,bongqiuqiu,Lifestyle,280.7K,Singapore,470
443,danialron,Humor & Fun & Happiness,112.4K,Singapore,948
444,explodingbelly,Sweets & Bakery,94.4K,Singapore,1.2K
445,kantanramen.id,Food & Cooking,43K,Singapore,2.8K
446,singaporepoly,Computers & Gadgets,49.6K,Singapore,1.7K
447,timothyjoshpoetry,,46.5K,Singapore,2.8K
448,alicenarcissa,,65.4K,Singapore,1.7K
449,bagaholicboy,Shows,110.3K,Singapore,973
450,luandermato,,104.5K,Singapore,1.1K
451,thebrowncharmer,Literature & Journalism,37.4K,Singapore,3.1K
452,quanyifong,Family,122.8K,Singapore,776
453,thelisafeed,Food & Cooking,65.1K,Singapore,1.8K
454,anaaaa.z,Lifestyle,90.5K,Singapore,2K
455,you_yi,Cinema & Actors/actresses,57.3K,Singapore,1.9K
456,friskynails,Beauty,30.7K,Singapore,3.1K
457,nappyraptor,Gaming,34.5K,Singapore,2.8K
458,denis_pavlus,Travel,103.3K,Singapore,1.7K
459,oteniotesss,,36.4K,Singapore,3K
460,prachi6648,Humor & Fun & Happiness,128.6K,Singapore,1K
461,shazza.wav,Music,182.9K,Singapore,518
462,monicamillington,Beauty,36.2K,Singapore,3.5K
463,cheebpaku,Comics & sketches,34.1K,Singapore,2.6K
464,nedface,Travel,37.6K,Singapore,3.7K
465,cheryltaysg,Fitness & Gym,68.1K,Singapore,2.1K
466,tabithanauser,Music,70.7K,Singapore,2K
467,leodoesalot,,70.8K,Singapore,2K
468,ieatishootipost,Food & Cooking,163.7K,Singapore,581
469,touyn.tomie,Lifestyle,43.3K,Singapore,1.9K
470,momodooods,Humor & Fun & Happiness,62.6K,Singapore,1.5K
471,mirchelley,Fitness & Gym,160.1K,Singapore,710
472,andiechen,Cinema & Actors/actresses,113.4K,Singapore,944
473,chefbob.sg,Food & Cooking,85.6K,Singapore,1.4K
474,mathildaaaa,Shows,105.8K,Singapore,1.2K
475,iamrachelwan,Lifestyle,62.6K,Singapore,1.7K
476,zhinsadali,Shows,49.3K,Singapore,2.2K
477,peipokes,Animals,47.4K,Singapore,2.1K
478,beccadefoe,Lifestyle,33.1K,Singapore,2.7K
479,danielfooddiary,Food & Cooking,289.2K,Singapore,314
480,keweitay,Music,86.2K,Singapore,1.2K
481,linkmike_,,57K,Singapore,1.6K
482,theeagertraveller,Family,13.9K,Singapore,11.4K
483,mailysvl,,45.7K,Singapore,2K
484,nickshenweijun,Cinema & Actors/actresses,41.2K,Singapore,2.2K
485,ncwong,Lifestyle,82.8K,Singapore,1.5K
486,estellefly,Beauty,81K,Singapore,1.4K
487,polkadope,Lifestyle,111.7K,Singapore,1.2K
488,justmediathingss,Humor & Fun & Happiness,43.7K,Singapore,1.8K
489,aviasian_passion,,175.6K,Singapore,488
490,sakyru,,70.2K,Singapore,1.2K
491,isaacgsk,Lifestyle,45K,Singapore,2.5K
492,fandiahmadofficial,Humor & Fun & Happiness,42.2K,Singapore,2.3K
493,sheenaphua,Beauty,94.6K,Singapore,1.6K
494,shabirmusic,Music,53.8K,Singapore,1.8K
495,putracrazy26,Lifestyle,25.2K,Singapore,3.9K
496,foodirectory.sg,Food & Cooking,101K,Singapore,1.3K
497,nhiirene,Lifestyle,65K,Singapore,2.5K
498,maythu_kyaw,,33.8K,Singapore,2.2K
499,vanessaoyf,Lifestyle,72.6K,Singapore,1.3K
500,sasqiadahuri,Lifestyle,358.4K,Malaysia,313
501,audreyishome,Family,38.9K,Singapore,3K
502,jay_sgpt,Fitness & Gym,64.8K,Singapore,1.8K
503,sherlynchanwp,Family,89.2K,Singapore,934
504,tacomels,,55.8K,Singapore,1.5K
505,ngkoksong.official,Politics,177.4K,Singapore,558
506,soramayx,Cinema & Actors/actresses,95.2K,Singapore,999
507,louis_pxdpolesg,Music,125.2K,Singapore,786
508,ninatsf,Shows,84.5K,Singapore,948
509,cptgregory,Fitness & Gym,60.2K,Singapore,2.1K
510,uxmonkeys,Shows,20.1K,Singapore,3.7K
511,miyoki_m,,18.8K,Singapore,5.8K
512,keishasarah,,71.7K,Singapore,1.3K
513,imanfandi17,Beauty,85.4K,Singapore,1K
514,abyyy.y__,,38.3K,Singapore,2.3K
515,fangrong,Beauty,67.7K,Singapore,1.2K
516,singaporeworld,Photography,129.8K,Singapore,627
517,jetstarasia,Travel,137.3K,Singapore,572
518,yklvv,Lifestyle,64.1K,Singapore,1.7K
519,spookiiro,Lifestyle,44K,Singapore,2K
520,mothershiponearth,Animals,115K,Singapore,614
521,a.meringuetale,Sweets & Bakery,55.3K,Singapore,1.5K
522,charlotteseet,Lifestyle,43.9K,Singapore,1.7K
523,daddy.xj,Food & Cooking,73.1K,Singapore,2.3K
524,claricewongg,Beauty,140.8K,Singapore,734
525,pangshengjun,Sports with a ball,49.1K,Singapore,2.1K
526,supermommysg,Family,107.7K,Singapore,1.4K
527,robinmay_tw,Fashion,197.4K,Malaysia,333
528,jeje.young,Lifestyle,27.8K,Singapore,2.8K
529,ianjeevan_,Travel,64.7K,Singapore,1.3K
530,isha_r_surti,Music,61.1K,Singapore,1.2K
531,ryehn,Luxury,9.4K,Singapore,103.7K
532,yankaykay,Lifestyle,109K,Singapore,880
533,kayleytan,Family,78.4K,Singapore,1.2K
534,aim_isen,Lifestyle,68.4K,Singapore,1.6K
535,labels._hybe,Shows,25.2K,Singapore,38.3K
536,soilboy,Accessories & Jewellery,75.5K,Singapore,1K
537,xianexyy,Beauty,87.8K,Singapore,1.1K
538,mediacorp.re.dian,Shows,164.1K,Singapore,484
539,oursingaporearmy,Business & Careers,59.2K,Singapore,1.2K
540,jacinthawee,Beauty,72.2K,Singapore,2.1K
541,sarab.kapoor,Business & Careers,155.2K,Singapore,847
542,bucinnya.kevinsanjaya,Sports with a ball,6.8K,Singapore,10.4K
543,charshaobau,Lifestyle,107.5K,Singapore,1.1K
544,tommynbcb,Lifestyle,92.6K,Singapore,900
545,jskg,Lifestyle,63.2K,Singapore,1.4K
546,violaerin,,56K,Singapore,1.7K
547,rachdaretdream,Lifestyle,57.3K,Singapore,2.7K
548,jeandanker,Literature & Journalism,72.9K,Singapore,1.2K
549,shini_officixl,Modeling,8.5K,Singapore,8.3K
550,okletsgo.sg,Beauty,45.4K,Singapore,2K
551,jeandanker,Literature & Journalism,72.3K,Singapore,1.2K
552,wahbananasg,Humor & Fun & Happiness,161.7K,Singapore,423
553,singapore.forever,Literature & Journalism,45.7K,Singapore,1.8K
554,onericeplease,Food & Cooking,52.9K,Singapore,1.4K
555,zhiyantay,Lifestyle,103.5K,Singapore,938
556,assthrowknot,,43K,Singapore,1.7K
557,hassansunny18,,50.7K,Singapore,2.4K
558,nicole.choo,Music,158.4K,Singapore,590
559,yes933,Music,117.1K,Singapore,550
560,dollywolly88,Family,53.3K,Singapore,2K
561,sann_____yashu,,23.8K,Singapore,3.1K
562,igotnorules21,Humor & Fun & Happiness,27.3K,Singapore,2.9K
563,roxannegan_,Fitness & Gym,126.5K,Singapore,829
564,mirchelley,Fitness & Gym,160.1K,Singapore,525
565,wafflecreamies,Lifestyle,56.3K,Singapore,2.1K
566,decoritwithmahi,DIY & Design,99.8K,Singapore,766
567,seathebreezee,Photography,121.2K,Singapore,652
568,gengenygen,Beauty,70.4K,Singapore,1.4K
569,meigui.k,Music,41.6K,Singapore,1.7K
570,christychng,Fitness & Gym,58.1K,Singapore,1.3K
571,foodiejerm,Food & Cooking,45.8K,Singapore,2.3K
572,tangyongmakeup,Beauty,15.9K,Singapore,4.5K
573,devmotlani,Lifestyle,76.4K,Singapore,1.2K
574,raisinyco,Comics & sketches,15.2K,Singapore,4.8K
575,vaingloriousyou,Beauty,78.7K,Singapore,1K
576,iamdawnyeoh,Cinema & Actors/actresses,84.2K,Singapore,977
577,jx.lawrence,Humor & Fun & Happiness,68.9K,Singapore,1.5K
578,dianabakar_,Lifestyle,79K,Singapore,1K
579,dawnyang,Lifestyle,100K,Singapore,1.2K
580,pavitheralalala,Beauty,55.1K,Singapore,1.5K
581,yutakis,,66.2K,Singapore,1.7K
582,ryanxgenesis,Travel,33.5K,Singapore,4.3K
583,iamkavitabangari,,70.7K,Singapore,1.6K
584,iryanfandi17,,24.4K,Singapore,2.8K
585,pinoybrownie,,73K,Singapore,910
586,singaporebeauty,Food & Cooking,137.8K,Singapore,408
587,peggyleong.sg,Family,63.5K,Singapore,1.8K
588,pharaohs.horses,Lifestyle,22.4K,Singapore,3.6K
589,queenieazabeth,Fitness & Gym,54.4K,Singapore,1.6K
590,gnitil,Lifestyle,104K,Singapore,976
591,chxrrystudios,,42.2K,Singapore,1.5K
592,vazkolik,,76.3K,Singapore,837
593,clarencewx,,40K,Singapore,2.9K
594,patrinechoo,Lifestyle,153.3K,Singapore,547
595,rain_tattoo_world,Art/Artists,59.4K,Singapore,1K
596,lyzpopz,Cinema & Actors/actresses,79.1K,Singapore,915
597,nccsg,Family,83.6K,Singapore,633
598,inesslavigne,Lifestyle,34K,Singapore,2K
599,jxcham,,96.4K,Singapore,927
600,3st.herrr,Lifestyle,42.4K,Singapore,1.9K
601,patrinechoo,Lifestyle,153.3K,Singapore,534
602,togemesh,Gaming,49.8K,Singapore,1.3K
603,zanellelim,Lifestyle,85K,Singapore,1.4K
604,yinagoh,Travel,75.8K,Singapore,944
605,kerrynleemx,Lifestyle,72.9K,Singapore,819
606,jolenezhou,Beauty,44.4K,Singapore,1.6K
607,themeatmensg,Sweets & Bakery,135K,Singapore,488
608,thetinselrack,Clothing & Outfits,135.2K,Singapore,406
609,emiil.8,,26.3K,Singapore,2.6K
610,bombiibii,Lifestyle,59K,Singapore,1.1K
611,_5fivegraphy,Music,119.6K,Singapore,854
612,liyanamusfira,Literature & Journalism,103.8K,Singapore,620
613,shaunleelee,Beauty,71.9K,Singapore,942
614,marxmae,Modeling,143.1K,Singapore,526
615,jacob.mahler,Sports with a ball,23K,Singapore,2.6K
616,zhangyaodong,Cinema & Actors/actresses,139.2K,Singapore,565
617,nus_singapore,Education,123K,Singapore,474
618,dr.romit_official,Family,62.5K,Singapore,948
619,mcdsg,Food & Cooking,249.3K,Singapore,218
620,eemmafan,Lifestyle,35.1K,Singapore,1.9K
621,woha_architects,Architecture & Urban Design,122.8K,Singapore,566
622,nickk_teo,Cinema & Actors/actresses,73.9K,Singapore,891
623,brukintendencia,Clothing & Outfits,189K,Singapore,297
624,nodiooo,Lifestyle,47.2K,Singapore,1.4K
625,gimmelovetattoo,Music,45.3K,Singapore,1.4K
626,the.smiling.afro,Humor & Fun & Happiness,92K,Singapore,718
627,azzahfariha,Family,79.6K,Singapore,1.2K
628,darrrenwong,Lifestyle,43K,Singapore,1.7K
629,enrui.t,Music,53.5K,Singapore,1.3K
630,lainelyl,Lifestyle,48.8K,Singapore,1.7K
631,gengenygen,Beauty,70.4K,Singapore,1.1K
632,nimma_chikkamma,,10.5K,Singapore,7K
633,kidslovetraveling,Music,90.7K,Singapore,1.7K
634,frnd_2.0,,22.1K,Singapore,2.4K
635,gladyshf80,Fitness & Gym,67.6K,Singapore,1.2K
636,rriley,Music,85.6K,Singapore,1.2K
637,abhijeetsingh_an,,11.3K,Singapore,4.7K
638,burqq,Family,89.9K,Singapore,773
639,yangyann_,Humor & Fun & Happiness,35.4K,Singapore,1.8K
640,dinarsalsa,,32K,Singapore,1.8K
641,naveenavi91,Humor & Fun & Happiness,34.1K,Singapore,1.6K
642,yasushi_ishino,Sweets & Bakery,19.4K,Singapore,3.5K
643,fiza_o,Literature & Journalism,77.6K,Singapore,841
644,muraliz_vlogs,Music,48K,India,1K
645,iewnezt,,109.8K,Singapore,673
646,dhanushoffi,Humor & Fun & Happiness,33.7K,Singapore,1.4K
647,measuringhappinesssg,,52.8K,Singapore,1.4K
648,katepang311,Family,178.3K,Singapore,365
649,pskonghee,Lifestyle,64.1K,Singapore,824
650,farizjabba,Music,61.4K,Singapore,967
651,eddysophianofficial,Music,77.2K,Singapore,1.2K
652,phyllis_quek,Cinema & Actors/actresses,75.1K,Singapore,755
653,klooksg,Travel,60.5K,Singapore,839
654,pwq.x,,30.5K,Singapore,1.9K
655,kour4008,Lifestyle,75K,Singapore,746
656,malcolmebiowei,Sports with a ball,27.9K,Singapore,5.6K
657,kiiing0313,Lifestyle,29.9K,Singapore,1.6K
658,nanzy.eva,Humor & Fun & Happiness,17.5K,Singapore,3.1K
659,nancylnn,Family,42.7K,Singapore,1.5K
660,allabout_lena,,77K,Singapore,808
661,hothunk_singapore,,131.2K,Singapore,358
662,yipyewchong,Art/Artists,41K,Singapore,1.2K
663,germaineleonora,Lifestyle,41.7K,Singapore,1.6K
664,gottagoh,,64.8K,Singapore,1K
665,ninjabread_,Lifestyle,76.5K,Singapore,890
666,ntu_sg,Science,82.2K,Singapore,541
667,chanclaraa,Family,31.6K,Singapore,1.5K
668,awansauce,Photography,102.7K,Singapore,633
669,danblink,Lifestyle,16.4K,Singapore,4.6K
670,singapore,Business & Careers,133.7K,Singapore,359
671,tbfhamanda,Beauty,40.4K,Singapore,1.5K
672,paulfosterrr,Animals,52K,Singapore,1.2K
673,chefkirk_w,Food & Cooking,103.3K,Singapore,530
674,nellielim,Fashion,69.5K,Singapore,997
675,benyeo23,Food & Cooking,101K,Singapore,533
676,lindaisham,Family,41.1K,Singapore,1.5K
677,prisceliachan,Cinema & Actors/actresses,105.3K,Singapore,538
678,naked.works,Accessories & Jewellery,29.4K,Singapore,1.7K
679,tylertennn,Lifestyle,48.7K,Singapore,1.3K
680,studryl,Literature & Journalism,49K,Singapore,920
681,sharvesini,Humor & Fun & Happiness,31.9K,Singapore,2K
682,theeditorsmarket,Shopping & Retail,199.2K,Singapore,221
683,oneproductionsg,Music,32.5K,Singapore,1.7K
684,drinkmorning,,29.5K,Singapore,2.2K
685,pretty_richnal,,33.3K,Singapore,2.9K
686,sweetsncrackers,Beauty,45.3K,Singapore,1.7K
687,nicolechangmin,Beauty,97.6K,Singapore,561
688,seanchankw,,19.2K,Singapore,2.7K
689,djellenn,Beauty,74K,Singapore,1.8K
690,aomniir,Lifestyle,17.7K,Singapore,2.4K
691,chloecloudy,Clothing & Outfits,36.5K,Singapore,1.6K
692,jermtard,,24.8K,Singapore,1.8K
693,twice.samo,,25.1K,Singapore,1.6K
694,ongxavier,Lifestyle,25.7K,Singapore,3K
695,nurulsuhaila,Sports with a ball,33.3K,Singapore,1.7K
696,limpeifen,Family,64.5K,Singapore,741
697,logeswariy_94,Lifestyle,63.4K,Singapore,1.6K
698,maybelinesim,Beauty,42.2K,Singapore,1.4K
699,crystallimlange,Family,87K,Singapore,611
700,denisealexis,,15.8K,Singapore,3.5K
701,malaysianpaygap,,244.5K,Singapore,2.4K
702,dyn_norahim,Shows,34.4K,Singapore,1.3K
703,orsqr,Lifestyle,33.7K,Singapore,3.1K
704,allyteozc,Modeling,42.5K,Singapore,1.3K
705,pinkdotsg,Adult content,48.3K,Singapore,1K
706,arthur_kor_,Extreme Sports & Outdoor activity,59.9K,Singapore,743
707,egamisakito,,54.7K,Singapore,1.5K
708,khalnayak.gurjar_,,40K,Singapore,1.4K
709,izmelly,Family,27.5K,Singapore,2.2K
710,jingnanxiong,Fitness & Gym,56K,Singapore,960
711,friendliestflower,,39K,Singapore,1.2K
712,monoco55,,29.4K,Singapore,1.5K
713,shireenbruha,,10.3K,Singapore,4.6K
714,rhanzhou,Photography,25K,Singapore,1.9K
715,irinatyt,,40.3K,Singapore,1.7K
716,popmartsg,,52.2K,Singapore,759
717,moesingapore,Education,105.8K,Singapore,344
718,sgcafehopping,Sweets & Bakery,60.3K,Singapore,826
719,m.eowmelz,Shopping & Retail,49K,Singapore,1.2K
720,candycetoh,Family,48.1K,Singapore,1.1K
721,nickmikhailrazak,Family,59.8K,Singapore,889
722,shout.sg,Food & Cooking,102.6K,Singapore,603
723,misstamchiak,Food & Cooking,208.9K,Singapore,221
724,debxrahkwek,Lifestyle,78.7K,Singapore,681
725,cherrylovelyyyy,Lifestyle,82.3K,Singapore,790
726,royalpek,Lifestyle,36.4K,Singapore,1.3K
727,danelle__tan,Fitness & Gym,28.4K,Singapore,1.5K
728,jaylenebaobao,Family,40.2K,Singapore,1.4K
729,sparrowonweed,Shows,85.4K,Singapore,711
730,vivianbalakrishnan,Business & Careers,91.7K,Singapore,454
731,tjinlee,Family,108.1K,Singapore,489
732,jeffrey_xu,Lifestyle,94K,Singapore,668
733,nuzhanhalim,Family,23.4K,Singapore,1.7K
734,teeteeheehee,Accessories & Jewellery,77.6K,Singapore,710
735,timotheeyjw,Fitness & Gym,53.6K,Singapore,1.2K
736,__diditee__,,35.5K,Singapore,1.7K
737,heejae56,,11.4K,Singapore,3.9K
738,jmeteo,Fitness & Gym,117.3K,Singapore,364
739,sherriashlee,Beauty,45.1K,Singapore,1.2K
740,aggylow,Music,47.6K,Singapore,1.4K
741,kcchampionofficial,Shows,61.4K,Malaysia,665
742,priyanka_datta22,Beauty,66.8K,Singapore,838
743,hayolim.studia,,17.8K,Singapore,3K
744,uniqlosg,Clothing & Outfits,252.3K,Singapore,152
745,hudz_ali,Family,85.6K,Singapore,579
746,melodyyap,Family,71.3K,Singapore,688
747,1508london,Photography,53.1K,Singapore,851
748,juin66,Cinema & Actors/actresses,34.2K,Singapore,1.6K
749,phimkritt,,23.2K,Singapore,1.7K
750,beatricesays,Management & Marketing,79.7K,Singapore,636
751,nicolechen.tv,Music,123.6K,Singapore,690
752,alillustralee,Humor & Fun & Happiness,40.2K,Singapore,1.5K
753,pornsakp,Cinema & Actors/actresses,122.8K,Singapore,313
754,f.fayfayy,Lifestyle,27.4K,Singapore,1.5K
755,loveforskincare,Beauty,64.6K,Singapore,911
756,nuraaen,Cinema & Actors/actresses,34.5K,Malaysia,1.4K
757,wendyjacobs,Family,35.5K,Singapore,1.2K
758,ww_wwy,Lifestyle,33.7K,Singapore,1.6K
759,nittrahennadefinition,,15.1K,Singapore,2.6K
760,pinterestindia,,246.1K,Singapore,191
761,jannpaul,Luxury,99.7K,Singapore,319
762,nathanhartono,Music,132.3K,Singapore,438
763,cherzinga,Gaming,81.9K,Singapore,866
764,elma_chin,Family,70.8K,Singapore,1.3K
765,infinitykpopshop,Shopping & Retail,13.4K,Singapore,2.2K
766,foongfamilyflat,DIY & Design,56.3K,Singapore,634
767,devilwearsbata,Fashion,12.4K,Singapore,3.1K
768,patcha.babyy,,4.8K,Singapore,9.3K
769,thefitmaratha,Fitness & Gym,18K,Singapore,2K
770,dnwh,Lifestyle,39.5K,Singapore,1.3K
771,nazirudinmnasir,,25.3K,Singapore,1.4K
772,beixin,Photography,40.3K,Singapore,1.1K
773,nicolechangmin,Beauty,97.6K,Singapore,463
774,edo_lio,Food & Cooking,54.4K,Singapore,786
775,mr_sabotage,Lifestyle,64.4K,Singapore,833
776,kerstinong,Fitness & Gym,58.3K,Singapore,906
777,lastandlapel,Clothing & Outfits,74.3K,Singapore,509
778,enrui.t,Music,53.5K,Singapore,890
779,renopedia,DIY & Design,64.9K,Singapore,568
780,shunicorn_,Beauty,56K,Singapore,942
781,ian_ianization,Cinema & Actors/actresses,190.1K,Malaysia,253
782,chanchunsing.sg,Politics,83.8K,Singapore,411
783,nikolai_eats,Food & Cooking,25K,Singapore,2.3K
784,kyung.2k,Music,49.9K,Singapore,772
785,nuriddin_zokirovv,Lifestyle,19.6K,Singapore,1.9K
786,xixilimofficial,Cinema & Actors/actresses,72.2K,Singapore,676
787,annnicoleng__,Beauty,146.1K,Singapore,272
788,dasdyl,Humor & Fun & Happiness,33.3K,Singapore,1.4K
789,zpeaktures,Photography,23.3K,Singapore,1.6K
790,juliantaytm,Gaming,27K,Singapore,1.6K
791,janicewong2am,,137K,Singapore,460
792,lielnicole,Lifestyle,59.6K,Singapore,572
793,iaminfeng,Lifestyle,24.4K,Singapore,1.7K
794,jaydenation,Music,16.6K,Singapore,3.2K
795,desmondngzl,Music,50.2K,Singapore,742
796,shinamissstothea,Lifestyle,37.9K,Singapore,1.2K
797,harshnadhaofficial,Humor & Fun & Happiness,43.3K,Singapore,801
798,singaporenavy,Literature & Journalism,38K,Singapore,860
799,qanvast,DIY & Design,173.6K,Singapore,204
800,maddybreteche,Music,44.3K,Singapore,964
801,singaporenavy,Literature & Journalism,38K,Singapore,860
802,alamakhui,Lifestyle,82.7K,Singapore,439
803,adentyz,Cinema & Actors/actresses,53.4K,Singapore,921
804,maddybreteche,Music,44.3K,Singapore,964
805,sha_nikita,Family,23.8K,Singapore,1.5K
806,nikolai_eats,Food & Cooking,25K,Singapore,2.2K
807,nathankhubani,Humor & Fun & Happiness,35.4K,Singapore,1.2K
808,ta.pooh.da.booh,Animals,55.4K,Singapore,700
809,shamrahman7,Business & Careers,24.6K,Singapore,1.8K
810,lrnchfl,Accessories & Jewellery,22.1K,Singapore,2.2K
811,joannaspy,Beauty,70.5K,Singapore,816
812,ohhdivine,Family,45.3K,Singapore,1K
813,gurmit.65,Humor & Fun & Happiness,34.1K,Singapore,1.1K
814,honghuifang,Cinema & Actors/actresses,73.6K,Singapore,508
815,ayumantou,Gaming,33.2K,Singapore,1.2K
816,odetterestaurant,Food & Cooking,89.2K,Singapore,374
817,pastor.how,Literature & Journalism,26.5K,Singapore,1.4K
818,dopamineposts,Music,256.3K,Singapore,117
819,myscdf,Shows,31.1K,Singapore,1K
820,eliud.photo,Photography,37.9K,Singapore,1.1K
821,jasonadikema,,115.4K,Singapore,340
822,jefyon,,16.9K,Singapore,2K
823,rwsentosa,Travel,134.9K,Singapore,265
824,oliviaong_wangliting,,38.1K,Singapore,931
825,987fm,Music,60.2K,Singapore,526
826,carlosinteriorbali,DIY & Design,34.8K,Singapore,1.2K
827,juhinars,Lifestyle,60.5K,Singapore,581
828,kellylatimer,Family,68.5K,Singapore,682
829,amabel_ly,,46.8K,Singapore,1.3K
830,etherealpeonies,Lifestyle,44.5K,Singapore,1.1K
831,singa.japa.yurika_,Beauty,36.9K,Singapore,1K
832,xmljyx,,47.7K,Singapore,1.3K
833,alfqrm,,20.7K,Singapore,2.2K
834,_cherylchou_,Lifestyle,48.8K,Singapore,892
835,singaporewatchclub,Accessories & Jewellery,61K,Singapore,645
836,wherewascharlie,Music,25.8K,Singapore,1.4K
837,deitycole,Humor & Fun & Happiness,21.3K,Singapore,2K
838,iamdanielang,Cinema & Actors/actresses,50.1K,Singapore,1K
839,xancdy,Fitness & Gym,33.6K,Singapore,1.6K
840,artoff1,Racing Sports,35.1K,Singapore,1.7K
841,jm24travelz,Architecture & Urban Design,48.3K,Singapore,722
842,nparksbuzz,Animals,68.2K,Singapore,410
843,thechillmom,Family,79.5K,Singapore,817
844,aroundthediningtable,Sweets & Bakery,34.1K,Singapore,1.1K
845,misstamchiak,Food & Cooking,208.9K,Singapore,168
846,xindeyap,Lifestyle,50.2K,Singapore,953
847,engnatalie,Lifestyle,28.2K,Singapore,1.5K
848,yongweikai,Sweets & Bakery,51.4K,Singapore,826
849,sarahfeliciaaa,,27.2K,Singapore,1.5K
850,johnathanchua,,25.4K,Singapore,1.5K
851,sugaresque,Humor & Fun & Happiness,25.1K,Singapore,1.3K
852,charmainesew,Photography,22K,Singapore,1.4K
853,boiledcurry,Gaming,37.9K,Singapore,865
854,wanleng_,Lifestyle,32K,Singapore,1.7K
855,mykemotus,,44.4K,Singapore,1.1K
856,jejulens,Lifestyle,28.1K,Singapore,1.3K
857,blingyi,Lifestyle,34.9K,Singapore,1.1K
858,mizchiefmagik,Clothing & Outfits,34.4K,Singapore,983
859,saltandlight.sg,Family,44.3K,Singapore,646
860,aiksooon,Photography,52.9K,Singapore,731
861,stackedhomes,,237.3K,Singapore,124
862,reinaeiry,Music,18.3K,Singapore,1.6K
863,timeoutsg,Literature & Journalism,115.4K,Singapore,264
864,terencecao_guohui,Cinema & Actors/actresses,44.1K,Singapore,917
865,chulopsg,Food & Cooking,36.5K,Singapore,848
866,vinaybharadwaj1,Photography,42.6K,Singapore,644
867,hengsweekeat,Business & Careers,95.1K,Singapore,286
868,pimpila_hoo,Fitness & Gym,51.7K,Singapore,633
869,paradoxmerchantcourt,Sweets & Bakery,27.4K,Singapore,1.1K
870,maga_anan,Cinema & Actors/actresses,27.5K,Singapore,1.4K
871,gov.sg,Literature & Journalism,203.1K,Singapore,135
872,travelinspiration360,Travel,35.9K,Singapore,1.1K
873,azulacinta,Lifestyle,17.7K,Singapore,1.6K
874,val.nsm,Fitness & Gym,75.2K,Singapore,755
875,_gracialicious_,Lifestyle,11.9K,Singapore,2.7K
876,shub_sg,Family,68.8K,India,1.3K
877,8days_eat,Sweets & Bakery,106.7K,Singapore,281
878,rashidamarican,Beauty,53.3K,Singapore,1K
879,chrsalonzo,Cinema & Actors/actresses,29.4K,Singapore,957
880,aye_gats,Photography,108.6K,Singapore,364
881,shawnlimzr,Lifestyle,24.6K,Singapore,1.6K
882,gracedotc0m,Lifestyle,10.8K,Singapore,3.4K
883,jamieqqwu,Family,57.2K,Singapore,926
884,elvaberryy,Comics & sketches,16.5K,Singapore,1.8K
885,ilanswdf_,Lifestyle,26K,Singapore,1.3K
886,teaganlynchhh,,15K,Singapore,2.3K
887,jamesseah,Cinema & Actors/actresses,59.7K,Singapore,630
888,mkbdnews,Shows,23.2K,Singapore,1.4K
889,limxjoel,Cinema & Actors/actresses,18.2K,Singapore,2K
890,socialstudies.textbook,Humor & Fun & Happiness,21.3K,Singapore,1.3K
891,zakat.sg,Shows,13.6K,Singapore,2.2K
892,mein_krk,Gaming,15.1K,Singapore,2K
893,thevintagevision,Lifestyle,36.2K,Singapore,969
894,shaunye_,Winter sports,18.1K,Singapore,2.2K
895,lulu_yellow,Beauty,7.8K,Singapore,3.5K
896,bentanzx,Cinema & Actors/actresses,76.7K,Singapore,506
897,thir.st,Family,39.8K,Singapore,659
898,liuyaowensg,,13.4K,Singapore,1.8K
899,sssssdotcom,Photography,51.5K,Singapore,707
900,chelseannsim,Sports with a ball,18.9K,Singapore,3K
901,imflossyflossy,,65.5K,Singapore,853
902,the_celebrityagency,Shows,102.3K,Singapore,294
903,thatsnini,Humor & Fun & Happiness,91K,Singapore,738
904,chloehhh_x,Beauty,32.7K,Singapore,1.3K
905,linang56,Family,29.4K,Singapore,1K
906,seet_junwei,,1.1K,Singapore,32K
907,creamsuda.k,Lifestyle,28.2K,Singapore,994
908,jessynjingga,Photography,18.9K,Singapore,1.4K
909,kazosingapore,Sweets & Bakery,14.5K,Singapore,2.3K
910,bentanzx,Cinema & Actors/actresses,76.7K,Singapore,495
911,sugar._.quills,,24.2K,Singapore,1.2K
912,qhventures,Photography,54.1K,Singapore,575
913,runsohfast,Racing Sports,55.6K,Singapore,670
914,shaniceawy,,37.7K,Singapore,920
915,futbolita,Sports with a ball,41.9K,Singapore,1.3K
916,wildbaco,Comics & sketches,18.8K,Singapore,1.6K
917,bel.tattooinks,Beauty,35.6K,Singapore,730
918,hellomisslou,Music,27.2K,Singapore,1.2K
919,lianmeiting,Family,63.8K,Singapore,444
920,districtsixtyfive,Food & Cooking,12.8K,Singapore,3.2K
921,budtravelstheworld,Food & Cooking,25.1K,Singapore,1.4K
922,milotruckdreams,Humor & Fun & Happiness,28.7K,Singapore,1.3K
923,iamfarahlola,Food & Cooking,38.3K,Singapore,905
924,zouksingapore,Music,62.1K,Singapore,453
925,frankiesexton,Comics & sketches,24.1K,Singapore,1.5K
926,applehong,Food & Cooking,64.8K,Singapore,515
927,mengguoleo,Photography,51.6K,Singapore,971
928,ricemedia.co,Literature & Journalism,60.4K,Singapore,459
929,justmarcuz,Humor & Fun & Happiness,27.8K,Singapore,1.1K
930,muslim.sg,Literature & Journalism,59.1K,Singapore,507
931,lisaintanc,,19.4K,Singapore,1.5K
932,okaysoju,Lifestyle,14.7K,Singapore,1.8K
933,reginalyh,Lifestyle,33.5K,Singapore,926
934,themiyagram,Animals,33.2K,Singapore,1.2K
935,myscdf,Shows,31.1K,Singapore,847
936,pixie___sg,Modeling,17.8K,Singapore,1.6K
937,muttons,Shows,37.5K,Singapore,780
938,jahan_,Art/Artists,53.3K,Singapore,722
939,kartika.co_,Comics & sketches,46K,Singapore,641
940,love972fm,Music,51.2K,Singapore,467
941,alannis.reign,Lifestyle,60.6K,Singapore,462
942,stopitrach,Lifestyle,104.8K,Singapore,505
943,altina_lee,Family,29K,Singapore,923
944,willcookwilleat,Food & Cooking,52.5K,Singapore,569
945,caxs,Beauty,39.5K,Singapore,896
946,mavissyn,Beauty,22.3K,Singapore,1.4K
947,charliegoh13,Cinema & Actors/actresses,129.7K,Singapore,302
948,roycelimmm,Fashion,46.8K,Singapore,874
949,az1zhon,,27.7K,Singapore,1K
950,mochigardens,Art/Artists,37.5K,Singapore,696
